velocity, planck_3000, planck_4000, planck_5000
5e-08, 8.0364824747e-22, 2.10895690007e-11, 3.76243257393e-05
6e-08, 2.85207476895e-15, 1.37297403851e-06, 0.222414540658
7e-08, 1.20741437074e-10, 0.00334195358346, 97.563384463
8e-08, 3.25813175153e-07, 1.0588750279, 8550.08327384
9e-08, 0.000141701083006, 87.0377085139, 258647.339821
1e-07, 0.0172949546815, 2801.69128717, 3742146.5405
1.1e-07, 0.842015233008, 45838.4383221, 31825536.3872
1.2e-07, 20.6544562196, 453173.467624, 182395828.061
1.3e-07, 299.897388048, 3049867.90948, 773866485.484
1.4e-07, 2890.64333067, 15207805.3432, 2598422495.67
1.5e-07, 20112.4171445, 59767464.939, 7248784319.09
1.6e-07, 107540.188118, 193869202.549, 17420942595.0
1.7e-07, 463478.043064, 537577929.498, 37075652963.7
1.8e-07, 1670674.13641, 1309359458.57, 71377153072.3
1.9e-07, 5185428.08201, 2861720213.6, 1.26395849937e+11
2e-07, 14183099.59, 5708494469.55, 2.08627751175e+11
2.1e-07, 34831132.4965, 10536158662.4, 3.24422961203e+11
2.2e-07, 77981161.5244, 18194690233.9, 4.79422588301e+11
2.3e-07, 161169245.59, 29667613489.4, 6.78085341636e+11
2.4e-07, 310717137.141, 46024671155.3, 9.2335446636e+11
2.5e-07, 563665468.652, 68363141505.1, 1.21648372878e+12
2.6e-07, 969258020.189, 97744875120.8, 1.55701509247e+12
2.7e-07, 1589735900.24, 1.35135807232e+11, 1.94288347456e+12
2.8e-07, 2500279838.83, 1.81353424011e+11, 2.3706154426e+12
2.9e-07, 3788039129.3, 2.37025900253e+11, 2.83558716273e+12
3e-07, 5550287422.91, 3.02564791537e+11, 3.33231005907e+12
3.1e-07, 7891832592.85, 3.78151541309e+11, 3.85471836691e+12
3.2e-07, 10921870205.8, 4.63736806951e+11, 4.39643939831e+12
3.3e-07, 14750503939.3, 5.59050765758e+11, 4.95103377014e+12
3.4e-07, 19485162852.5, 6.63622105576e+11, 5.51219842834e+12
3.5e-07, 25227129463.2, 7.76803268232e+11, 6.07392975812e+12
3.6e-07, 32068360505.3, 8.97799614047e+11, 6.6306473601e+12
3.7e-07, 40088740723.3, 1.02570043135e+12, 7.17728130324e+12
3.8e-07, 49353865069.0, 1.15951005615e+12, 7.70932701146e+12
3.9e-07, 59913400974.9, 1.29817773922e+12, 8.22287259725e+12
4e-07, 71800043304.2, 1.44062526204e+12, 8.7146036066e+12
4.1e-07, 85029042141.1, 1.58577163384e+12, 9.18178994517e+12
4.2e-07, 99598258633.4, 1.73255448642e+12, 9.62225934557e+12
4.3e-07, 1.15488686629e+11, 1.87994801502e+12, 1.00343612078e+13
4.4e-07, 1.32665367265e+11, 2.0269774938e+12, 1.04169240726e+13
4.5e-07, 1.51078618981e+11, 2.17273052696e+12, 1.07692094174e+13
4.6e-07, 1.7066550557e+11, 2.31636528725e+12, 1.10908639328e+13
4.7e-07, 1.91351468593e+11, 2.45711605011e+12, 1.13818719556e+13
4.8e-07, 2.13052056849e+11, 2.59429635997e+12, 1.16425093181e+13
4.9e-07, 2.35674693495e+11, 2.72730017274e+12, 1.18732995185e+13
5e-07, 2.59120430193e+11, 2.85560130981e+12, 1.20749728235e+13
5.1e-07, 2.83285646662e+11, 2.97875154008e+12, 1.22484286804e+13
5.2e-07, 3.08063662726e+11, 3.09637757961e+12, 1.23947016256e+13
5.3e-07, 3.33346238119e+11, 3.20817726897e+12, 1.25149307368e+13
5.4e-07, 3.59024942676e+11, 3.31391515596e+12, 1.26103325655e+13
5.5e-07, 3.84992385966e+11, 3.41341768012e+12, 1.26821774117e+13
5.6e-07, 4.11143300977e+11, 3.50656812472e+12, 1.27317687485e+13
5.7e-07, 4.37375480988e+11, 3.59330147377e+12, 1.27604255711e+13
5.8e-07, 4.6359057246e+11, 3.67359928571e+12, 1.27694674271e+13
5.9e-07, 4.89694729643e+11, 3.74748467262e+12, 1.27602018753e+13
6e-07, 5.15599138721e+11, 3.81501745335e+12, 1.27339141273e+13
6.1e-07, 5.41220420823e+11, 3.87628953197e+12, 1.26918586268e+13
6.2e-07, 5.66480924188e+11, 3.93142053775e+12, 1.2635252341e+13
6.3e-07, 5.91308916307e+11, 3.98055375079e+12, 1.25652695474e+13
6.4e-07, 6.15638686986e+11, 4.02385232711e+12, 1.24830379196e+13
6.5e-07, 6.39410573162e+11, 4.06149582867e+12, 1.23896357311e+13
6.6e-07, 6.62570915944e+11, 4.0936770573e+12, 1.22860900143e+13
6.7e-07, 6.85071959821e+11, 4.12059918625e+12, 1.21733755275e+13
6.8e-07, 7.06871703359e+11, 4.14247317916e+12, 1.20524143998e+13
6.9e-07, 7.27933709983e+11, 4.15951548351e+12, 1.19240763398e+13
7e-07, 7.48226886711e+11, 4.17194598349e+12, 1.17891793045e+13
7.1e-07, 7.6772523792e+11, 4.17998619591e+12, 1.16484905425e+13
7.2e-07, 7.86407600486e+11, 4.18385769207e+12, 1.15027279336e+13
7.3e-07, 8.04257365901e+11, 4.18378072845e+12, 1.13525615586e+13
7.4e-07, 8.21262194249e+11, 4.17997306885e+12, 1.11986154431e+13
7.5e-07, 8.374137243e+11, 4.17264898122e+12, 1.10414694273e+13
7.6e-07, 8.52707283326e+11, 4.16201839308e+12, 1.08816611204e+13
7.7e-07, 8.67141599721e+11, 4.14828618985e+12, 1.07196879059e+13
7.8e-07, 8.8071852095e+11, 4.13165164166e+12, 1.05560089685e+13
7.9e-07, 8.93442738941e+11, 4.11230794487e+12, 1.03910473204e+13
8e-07, 9.05321524574e+11, 4.09044186548e+12, 1.02251918066e+13
8.1e-07, 9.1636447259e+11, 4.06623347268e+12, 1.00587990744e+13
8.2e-07, 9.26583257893e+11, 4.0398559517e+12, 9.89219549431e+12
8.3e-07, 9.35991403974e+11, 4.01147548589e+12, 9.72567902371e+12
8.4e-07, 9.44604063909e+11, 3.9812511992e+12, 9.55952100529e+12
8.5e-07, 9.52437814184e+11, 3.94933515054e+12, 9.39396789538e+12
8.6e-07, 9.59510461458e+11, 3.91587237288e+12, 9.22924291862e+12
8.7e-07, 9.65840862166e+11, 3.88100095025e+12, 9.06554764674e+12
8.8e-07, 9.7144875481e+11, 3.84485212675e+12, 8.90306350043e+12
8.9e-07, 9.76354604626e+11, 3.80755044212e+12, 8.74195317424e+12
9e-07, 9.80579460291e+11, 3.7692138893e+12, 8.58236198505e+12
9.1e-07, 9.84144822213e+11, 3.72995408962e+12, 8.42441914561e+12
9.2e-07, 9.87072521965e+11, 3.68987648199e+12, 8.2682389647e+12
9.3e-07, 9.89384612326e+11, 3.64908052286e+12, 8.11392197616e+12
9.4e-07, 9.91103267423e+11, 3.60765989404e+12, 7.96155599918e+12
9.5e-07, 9.92250692412e+11, 3.56570271593e+12, 7.81121713254e+12
9.6e-07, 9.9284904216e+11, 3.52329176411e+12, 7.66297068546e+12
9.7e-07, 9.9292034838e+11, 3.4805046872e+12, 7.51687204799e+12
9.8e-07, 9.92486454662e+11, 3.43741422476e+12, 7.37296750386e+12
9.9e-07, 9.91568958895e+11, 3.39408842354e+12, 7.23129498862e+12
1e-06, 9.90189162536e+11, 3.3505908512e+12, 7.09188479599e+12
1.01e-06, 9.88368026247e+11, 3.30698080642e+12, 6.95476023529e+12
1.02e-06, 9.86126131401e+11, 3.2633135247e+12, 6.81993824261e+12
1.03e-06, 9.83483647019e+11, 3.21964037914e+12, 6.68742994862e+12
1.04e-06, 9.80460301682e+11, 3.17600907578e+12, 6.55724120527e+12
1.05e-06, 9.77075360005e+11, 3.13246384301e+12, 6.42937307432e+12
1.06e-06, 9.73347603288e+11, 3.08904561486e+12, 6.30382227965e+12
1.07e-06, 9.6929531397e+11, 3.04579220786e+12, 6.18058162603e+12
1.08e-06, 9.64936263537e+11, 3.0027384914e+12, 6.05964038619e+12
1.09e-06, 9.6028770355e+11, 2.95991655148e+12, 5.94098465853e+12
1.1e-06, 9.55366359514e+11, 2.91735584782e+12, 5.82459769729e+12
1.11e-06, 9.50188427272e+11, 2.8750833644e+12, 5.710460217e+12
1.12e-06, 9.44769571686e+11, 2.83312375341e+12, 5.59855067312e+12
1.13e-06, 9.3912492735e+11, 2.79149947277e+12, 5.48884552034e+12
1.14e-06, 9.3326910111e+11, 2.75023091736e+12, 5.38131945023e+12
1.15e-06, 9.27216176183e+11, 2.70933654395e+12, 5.27594560959e+12
1.16e-06, 9.20979717687e+11, 2.66883299026e+12, 5.17269580095e+12
1.17e-06, 9.14572779395e+11, 2.62873518796e+12, 5.07154066647e+12
1.18e-06, 9.08007911572e+11, 2.58905647019e+12, 4.97244985641e+12
1.19e-06, 9.01297169721e+11, 2.54980867344e+12, 4.87539218337e+12
1.2e-06, 8.9445212412e+11, 2.51100223421e+12, 4.78033576325e+12
1.21e-06, 8.87483870034e+11, 2.47264628056e+12, 4.68724814398e+12
1.22e-06, 8.8040303846e+11, 2.43474871874e+12, 4.59609642294e+12
1.23e-06, 8.73219807343e+11, 2.39731631521e+12, 4.50684735384e+12
1.24e-06, 8.65943913139e+11, 2.360354774e+12, 4.41946744391e+12
1.25e-06, 8.58584662664e+11, 2.32386880995e+12, 4.33392304221e+12
1.26e-06, 8.51150945138e+11, 2.28786221773e+12, 4.25018041959e+12
1.27e-06, 8.43651244377e+11, 2.25233793694e+12, 4.16820584101e+12
1.28e-06, 8.36093651053e+11, 2.21729811354e+12, 4.08796563092e+12
1.29e-06, 8.28485874981e+11, 2.18274415769e+12, 4.00942623202e+12
1.3e-06, 8.20835257388e+11, 2.14867679814e+12, 3.93255425817e+12
1.31e-06, 8.13148783109e+11, 2.11509613356e+12, 3.8573165417e+12
1.32e-06, 8.05433092696e+11, 2.08200168064e+12, 3.7836801757e+12
1.33e-06, 7.97694494378e+11, 2.04939241943e+12, 3.7116125517e+12
1.34e-06, 7.89938975877e+11, 2.01726683587e+12, 3.64108139297e+12
1.35e-06, 7.82172216027e+11, 1.98562296175e+12, 3.57205478401e+12
1.36e-06, 7.74399596193e+11, 1.95445841214e+12, 3.50450119634e+12
1.37e-06, 7.66626211475e+11, 1.92377042062e+12, 3.43838951104e+12
1.38e-06, 7.58856881662e+11, 1.89355587215e+12, 3.37368903832e+12
1.39e-06, 7.51096161944e+11, 1.86381133398e+12, 3.31036953418e+12
1.4e-06, 7.43348353372e+11, 1.83453308457e+12, 3.24840121468e+12
1.41e-06, 7.35617513037e+11, 1.80571714055e+12, 3.18775476783e+12
1.42e-06, 7.27907463993e+11, 1.7773592821e+12, 3.12840136343e+12
1.43e-06, 7.20221804891e+11, 1.74945507654e+12, 3.07031266086e+12
1.44e-06, 7.12563919345e+11, 1.7219999004e+12, 3.01346081534e+12
1.45e-06, 7.0493698501e+11, 1.69498896006e+12, 2.95781848235e+12
1.46e-06, 6.97343982384e+11, 1.66841731096e+12, 2.90335882086e+12
1.47e-06, 6.89787703332e+11, 1.64227987552e+12, 2.85005549504e+12
1.48e-06, 6.82270759326e+11, 1.61657145986e+12, 2.79788267491e+12
1.49e-06, 6.74795589423e+11, 1.59128676931e+12, 2.74681503595e+12
1.5e-06, 6.67364467957e+11, 1.5664204229e+12, 2.69682775761e+12
1.51e-06, 6.59979511974e+11, 1.54196696678e+12, 2.64789652112e+12
1.52e-06, 6.52642688396e+11, 1.51792088672e+12, 2.59999750644e+12
1.53e-06, 6.45355820938e+11, 1.49427661968e+12, 2.5531073885e+12
1.54e-06, 6.38120596757e+11, 1.47102856452e+12, 2.50720333292e+12
1.55e-06, 6.30938572866e+11, 1.44817109202e+12, 2.46226299106e+12
1.56e-06, 6.238111823e+11, 1.42569855398e+12, 2.41826449473e+12
1.57e-06, 6.16739740045e+11, 1.40360529178e+12, 2.37518645034e+12
1.58e-06, 6.09725448745e+11, 1.38188564421e+12, 2.33300793281e+12
1.59e-06, 6.02769404174e+11, 1.36053395469e+12, 2.29170847901e+12
1.6e-06, 5.95872600501e+11, 1.33954457794e+12, 2.25126808108e+12
1.61e-06, 5.89035935337e+11, 1.31891188607e+12, 2.21166717944e+12
1.62e-06, 5.82260214582e+11, 1.2986302742e+12, 2.17288665556e+12
1.63e-06, 5.75546157068e+11, 1.27869416563e+12, 2.13490782465e+12
1.64e-06, 5.68894399019e+11, 1.25909801646e+12, 2.09771242819e+12
1.65e-06, 5.62305498315e+11, 1.23983631997e+12, 2.06128262634e+12
1.66e-06, 5.55779938585e+11, 1.22090361043e+12, 2.02560099025e+12
1.67e-06, 5.4931813312e+11, 1.20229446669e+12, 1.99065049441e+12
1.68e-06, 5.42920428621e+11, 1.18400351533e+12, 1.95641450885e+12
1.69e-06, 5.36587108787e+11, 1.16602543362e+12, 1.92287679138e+12
1.7e-06, 5.30318397746e+11, 1.14835495202e+12, 1.89002147988e+12
1.71e-06, 5.24114463334e+11, 1.13098685656e+12, 1.8578330845e+12
1.72e-06, 5.17975420232e+11, 1.11391599089e+12, 1.82629647999e+12
1.73e-06, 5.11901332963e+11, 1.0971372581e+12, 1.79539689801e+12
1.74e-06, 5.05892218751e+11, 1.08064562229e+12, 1.76511991953e+12
1.75e-06, 4.99948050259e+11, 1.06443611003e+12, 1.73545146732e+12
1.76e-06, 4.94068758198e+11, 1.04850381152e+12, 1.70637779841e+12
1.77e-06, 4.88254233816e+11, 1.03284388166e+12, 1.67788549676e+12
1.78e-06, 4.82504331275e+11, 1.01745154086e+12, 1.64996146595e+12
1.79e-06, 4.76818869918e+11, 1.00232207579e+12, 1.62259292197e+12
1.8e-06, 4.7119763643e+11, 9.87450839969e+11, 1.59576738612e+12
1.81e-06, 4.65640386898e+11, 9.72833254141e+11, 1.569472678e+12
1.82e-06, 4.60146848772e+11, 9.58464806651e+11, 1.54369690866e+12
1.83e-06, 4.5471672274e+11, 9.44341053624e+11, 1.51842847377e+12
1.84e-06, 4.49349684503e+11, 9.30457619075e+11, 1.493656047e+12
1.85e-06, 4.44045386474e+11, 9.16810194915e+11, 1.46936857344e+12
1.86e-06, 4.38803459388e+11, 9.03394540872e+11, 1.4455552632e+12
1.87e-06, 4.33623513842e+11, 8.90206484325e+11, 1.42220558508e+12
1.88e-06, 4.28505141752e+11, 8.77241920078e+11, 1.3993092604e+12
1.89e-06, 4.23447917738e+11, 8.64496810049e+11, 1.3768562569e+12
1.9e-06, 4.1845140045e+11, 8.51967182911e+11, 1.35483678286e+12
1.91e-06, 4.13515133817e+11, 8.39649133668e+11, 1.33324128118e+12
1.92e-06, 4.08638648238e+11, 8.27538823185e+11, 1.31206042376e+12
1.93e-06, 4.03821461715e+11, 8.15632477666e+11, 1.29128510588e+12
1.94e-06, 3.99063080922e+11, 8.03926388094e+11, 1.27090644073e+12
1.95e-06, 3.94363002225e+11, 7.92416909632e+11, 1.25091575408e+12
1.96e-06, 3.89720712648e+11, 7.81100460987e+11, 1.23130457907e+12
1.97e-06, 3.85135690788e+11, 7.69973523746e+11, 1.21206465104e+12
1.98e-06, 3.80607407681e+11, 7.59032641684e+11, 1.19318790263e+12
1.99e-06, 3.76135327623e+11, 7.48274420046e+11, 1.17466645879e+12
2e-06, 3.7171890895e+11, 7.37695524809e+11, 1.15649263211e+12
2.01e-06, 3.67357604771e+11, 7.27292681928e+11, 1.1386589181e+12
2.02e-06, 3.63050863667e+11, 7.17062676557e+11, 1.12115799069e+12
2.03e-06, 3.58798130347e+11, 7.07002352265e+11, 1.10398269774e+12
2.04e-06, 3.54598846271e+11, 6.97108610239e+11, 1.08712605674e+12
2.05e-06, 3.50452450234e+11, 6.87378408471e+11, 1.07058125059e+12
2.06e-06, 3.46358378927e+11, 6.77808760941e+11, 1.05434162345e+12
2.07e-06, 3.42316067452e+11, 6.68396736798e+11, 1.0384006767e+12
2.08e-06, 3.38324949821e+11, 6.59139459529e+11, 1.02275206505e+12
2.09e-06, 3.34384459416e+11, 6.50034106126e+11, 1.0073895927e+12
2.1e-06, 3.30494029427e+11, 6.41077906259e+11, 9.92307209576e+11
2.11e-06, 3.26653093267e+11, 6.32268141435e+11, 9.77499007707e+11
2.12e-06, 3.22861084952e+11, 6.2360214417e+11, 9.62959217668e+11
2.13e-06, 3.19117439467e+11, 6.15077297157e+11, 9.48682205118e+11
2.14e-06, 3.15421593109e+11, 6.06691032434e+11, 9.34662467417e+11
2.15e-06, 3.11772983802e+11, 5.98440830562e+11, 9.20894630336e+11
2.16e-06, 3.08171051398e+11, 5.90324219799e+11, 9.07373444845e+11
2.17e-06, 3.04615237955e+11, 5.8233877529e+11, 8.9409378399e+11
2.18e-06, 3.01104988002e+11, 5.7448211825e+11, 8.8105063984e+11
2.19e-06, 2.97639748777e+11, 5.66751915162e+11, 8.68239120518e+11
2.2e-06, 2.94218970462e+11, 5.59145876982e+11, 8.55654447302e+11
2.21e-06, 2.90842106387e+11, 5.51661758343e+11, 8.4329195181e+11
2.22e-06, 2.8750861323e+11, 5.44297356777e+11, 8.31147073246e+11
2.23e-06, 2.842179512e+11, 5.37050511937e+11, 8.19215355724e+11
2.24e-06, 2.80969584205e+11, 5.29919104836e+11, 8.07492445656e+11
2.25e-06, 2.77762980005e+11, 5.22901057084e+11, 7.95974089212e+11
2.26e-06, 2.74597610362e+11, 5.15994330143e+11, 7.84656129842e+11
2.27e-06, 2.71472951166e+11, 5.09196924591e+11, 7.73534505863e+11
2.28e-06, 2.68388482563e+11, 5.02506879387e+11, 7.62605248107e+11
2.29e-06, 2.65343689057e+11, 4.95922271156e+11, 7.51864477633e+11
2.3e-06, 2.6233805962e+11, 4.89441213481e+11, 7.41308403494e+11
2.31e-06, 2.59371087777e+11, 4.83061856198e+11, 7.30933320566e+11
2.32e-06, 2.56442271695e+11, 4.76782384714e+11, 7.20735607429e+11
2.33e-06, 2.5355111425e+11, 4.70601019324e+11, 7.10711724305e+11
2.34e-06, 2.50697123102e+11, 4.64516014542e+11, 7.00858211051e+11
2.35e-06, 2.47879810747e+11, 4.58525658446e+11, 6.91171685201e+11
2.36e-06, 2.45098694573e+11, 4.5262827203e+11, 6.81648840061e+11
2.37e-06, 2.42353296905e+11, 4.46822208565e+11, 6.72286442849e+11
2.38e-06, 2.39643145042e+11, 4.41105852972e+11, 6.63081332891e+11
2.39e-06, 2.36967771293e+11, 4.35477621207e+11, 6.54030419858e+11
2.4e-06, 2.34326713001e+11, 4.29935959658e+11, 6.45130682046e+11
2.41e-06, 2.31719512567e+11, 4.24479344543e+11, 6.36379164712e+11
2.42e-06, 2.29145717468e+11, 4.19106281328e+11, 6.27772978436e+11
2.43e-06, 2.26604880267e+11, 4.13815304154e+11, 6.19309297545e+11
2.44e-06, 2.24096558624e+11, 4.08604975267e+11, 6.10985358558e+11
2.45e-06, 2.21620315294e+11, 4.03473884469e+11, 6.02798458688e+11
2.46e-06, 2.19175718134e+11, 3.98420648567e+11, 5.94745954371e+11
2.47e-06, 2.16762340094e+11, 3.93443910843e+11, 5.8682525984e+11
2.48e-06, 2.14379759211e+11, 3.88542340526e+11, 5.79033845732e+11
2.49e-06, 2.12027558598e+11, 3.83714632279e+11, 5.71369237733e+11
2.5e-06, 2.09705326432e+11, 3.78959505689e+11, 5.63829015254e+11
2.51e-06, 2.07412655934e+11, 3.74275704774e+11, 5.56410810148e+11
2.52e-06, 2.05149145353e+11, 3.69661997496e+11, 5.49112305455e+11
2.53e-06, 2.02914397944e+11, 3.65117175282e+11, 5.41931234178e+11
2.54e-06, 2.0070802194e+11, 3.60640052554e+11, 5.34865378094e+11
2.55e-06, 1.9852963053e+11, 3.56229466273e+11, 5.27912566595e+11
2.56e-06, 1.9637884183e+11, 3.51884275484e+11, 5.21070675557e+11
2.57e-06, 1.94255278851e+11, 3.47603360878e+11, 5.14337626237e+11
2.58e-06, 1.92158569468e+11, 3.43385624356e+11, 5.07711384204e+11
2.59e-06, 1.90088346387e+11, 3.39229988603e+11, 5.01189958287e+11
2.6e-06, 1.8804424711e+11, 3.35135396676e+11, 4.94771399563e+11
2.61e-06, 1.86025913897e+11, 3.31100811592e+11, 4.88453800358e+11
2.62e-06, 1.8403299373e+11, 3.27125215927e+11, 4.82235293281e+11
2.63e-06, 1.82065138274e+11, 3.23207611427e+11, 4.76114050282e+11
2.64e-06, 1.80122003837e+11, 3.19347018621e+11, 4.70088281728e+11
2.65e-06, 1.78203251328e+11, 3.15542476446e+11, 4.64156235513e+11
2.66e-06, 1.76308546215e+11, 3.11793041875e+11, 4.58316196181e+11
2.67e-06, 1.74437558488e+11, 3.0809778956e+11, 4.52566484071e+11
2.68e-06, 1.72589962606e+11, 3.04455811474e+11, 4.46905454495e+11
2.69e-06, 1.70765437463e+11, 3.00866216562e+11, 4.41331496923e+11
2.7e-06, 1.68963666336e+11, 2.97328130407e+11, 4.35843034192e+11
2.71e-06, 1.67184336846e+11, 2.9384069489e+11, 4.30438521745e+11
2.72e-06, 1.65427140906e+11, 2.90403067868e+11, 4.25116446875e+11
2.73e-06, 1.63691774684e+11, 2.87014422854e+11, 4.19875327993e+11
2.74e-06, 1.61977938548e+11, 2.83673948699e+11, 4.14713713921e+11
2.75e-06, 1.60285337024e+11, 2.80380849292e+11, 4.09630183191e+11
2.76e-06, 1.58613678752e+11, 2.77134343254e+11, 4.04623343373e+11
2.77e-06, 1.56962676433e+11, 2.73933663645e+11, 3.99691830406e+11
2.78e-06, 1.55332046789e+11, 2.7077805768e+11, 3.94834307963e+11
2.79e-06, 1.53721510509e+11, 2.67666786437e+11, 3.90049466816e+11
2.8e-06, 1.52130792208e+11, 2.64599124592e+11, 3.85336024224e+11
2.81e-06, 1.50559620378e+11, 2.6157436014e+11, 3.80692723338e+11
2.82e-06, 1.49007727339e+11, 2.5859179413e+11, 3.76118332615e+11
2.83e-06, 1.47474849196e+11, 2.55650740412e+11, 3.7161164525e+11
2.84e-06, 1.4596072579e+11, 2.52750525374e+11, 3.67171478621e+11
2.85e-06, 1.44465100651e+11, 2.498904877e+11, 3.62796673748e+11
2.86e-06, 1.42987720951e+11, 2.47069978119e+11, 3.58486094767e+11
2.87e-06, 1.41528337462e+11, 2.44288359175e+11, 3.5423862841e+11
2.88e-06, 1.40086704503e+11, 2.41545004984e+11, 3.50053183509e+11
2.89e-06, 1.38662579902e+11, 2.38839301011e+11, 3.45928690498e+11
2.9e-06, 1.37255724943e+11, 2.36170643842e+11, 3.41864100943e+11
2.91e-06, 1.35865904325e+11, 2.33538440969e+11, 3.37858387069e+11
2.92e-06, 1.34492886118e+11, 2.30942110569e+11, 3.33910541307e+11
2.93e-06, 1.33136441712e+11, 2.28381081297e+11, 3.30019575848e+11
2.94e-06, 1.31796345779e+11, 2.25854792079e+11, 3.26184522213e+11
2.95e-06, 1.30472376228e+11, 2.23362691911e+11, 3.22404430825e+11
2.96e-06, 1.29164314157e+11, 2.20904239659e+11, 3.18678370598e+11
2.97e-06, 1.27871943813e+11, 2.18478903866e+11, 3.15005428536e+11
2.98e-06, 1.2659505255e+11, 2.16086162565e+11, 3.11384709334e+11
2.99e-06, 1.25333430782e+11, 2.13725503089e+11, 3.07815334999e+11
3e-06, 1.24086871945e+11, 2.11396421893e+11, 3.04296444472e+11
3.01e-06, 1.22855172452e+11, 2.09098424373e+11, 3.00827193265e+11
3.02e-06, 1.21638131653e+11, 2.06831024692e+11, 2.97406753098e+11
3.03e-06, 1.20435551796e+11, 2.04593745614e+11, 2.94034311557e+11
3.04e-06, 1.19247237979e+11, 2.02386118328e+11, 2.90709071748e+11
3.05e-06, 1.18072998121e+11, 2.00207682292e+11, 2.87430251967e+11
3.06e-06, 1.16912642909e+11, 1.9805798507e+11, 2.84197085374e+11
3.07e-06, 1.15765985771e+11, 1.95936582172e+11, 2.81008819677e+11
3.08e-06, 1.14632842828e+11, 1.93843036906e+11, 2.77864716821e+11
3.09e-06, 1.1351303286e+11, 1.91776920223e+11, 2.74764052688e+11
3.1e-06, 1.12406377266e+11, 1.8973781057e+11, 2.71706116798e+11
3.11e-06, 1.11312700027e+11, 1.87725293747e+11, 2.68690212024e+11
3.12e-06, 1.1023182767e+11, 1.85738962765e+11, 2.65715654308e+11
3.13e-06, 1.09163589226e+11, 1.83778417708e+11, 2.62781772386e+11
3.14e-06, 1.08107816202e+11, 1.81843265596e+11, 2.59887907521e+11
3.15e-06, 1.07064342537e+11, 1.79933120252e+11, 2.57033413238e+11
3.16e-06, 1.06033004572e+11, 1.78047602173e+11, 2.54217655071e+11
3.17e-06, 1.05013641011e+11, 1.76186338403e+11, 2.51440010306e+11
3.18e-06, 1.04006092889e+11, 1.74348962406e+11, 2.48699867744e+11
3.19e-06, 1.03010203538e+11, 1.72535113947e+11, 2.45996627457e+11
3.2e-06, 1.02025818552e+11, 1.70744438966e+11, 2.43329700554e+11
3.21e-06, 1.01052785751e+11, 1.6897658947e+11, 2.40698508956e+11
3.22e-06, 1.00090955155e+11, 1.6723122341e+11, 2.38102485169e+11
3.23e-06, 99140178945.2, 1.6550800457e+11, 2.35541072069e+11
3.24e-06, 98200311434.9, 1.63806602461e+11, 2.33013722687e+11
3.25e-06, 97271209037.5, 1.62126692209e+11, 2.30519900002e+11
3.26e-06, 96352730234.8, 1.60467954449e+11, 2.28059076736e+11
3.27e-06, 95444735547.0, 1.58830075223e+11, 2.25630735157e+11
3.28e-06, 94547087501.7, 1.5721274588e+11, 2.23234366881e+11
3.29e-06, 93659650604.2, 1.5561566297e+11, 2.20869472688e+11
3.3e-06, 92782291308.1, 1.54038528157e+11, 2.18535562329e+11
3.31e-06, 91914877986.4, 1.52481048111e+11, 2.16232154351e+11
3.32e-06, 91057280902.1, 1.50942934427e+11, 2.13958775913e+11
3.33e-06, 90209372180.6, 1.49423903522e+11, 2.11714962618e+11
3.34e-06, 89371025781.6, 1.47923676554e+11, 2.0950025834e+11
3.35e-06, 88542117471.6, 1.46441979329e+11, 2.07314215059e+11
3.36e-06, 87722524796.5, 1.44978542217e+11, 2.051563927e+11
3.37e-06, 86912127055.5, 1.43533100065e+11, 2.03026358972e+11
3.38e-06, 86110805274.4, 1.42105392119e+11, 2.00923689212e+11
3.39e-06, 85318442179.4, 1.40695161936e+11, 1.98847966237e+11
3.4e-06, 84534922172.2, 1.39302157312e+11, 1.96798780195e+11
3.41e-06, 83760131304.2, 1.37926130198e+11, 1.94775728416e+11
3.42e-06, 82993957251.9, 1.36566836627e+11, 1.92778415273e+11
3.43e-06, 82236289292.5, 1.35224036638e+11, 1.90806452043e+11
3.44e-06, 81487018279.7, 1.33897494203e+11, 1.88859456771e+11
3.45e-06, 80746036619.9, 1.32586977156e+11, 1.86937054136e+11
3.46e-06, 80013238249.0, 1.31292257121e+11, 1.85038875324e+11
3.47e-06, 79288518609.1, 1.30013109442e+11, 1.83164557897e+11
3.48e-06, 78571774625.8, 1.2874931312e+11, 1.81313745671e+11
3.49e-06, 77862904686.3, 1.27500650742e+11, 1.79486088593e+11
3.5e-06, 77161808616.7, 1.26266908418e+11, 1.77681242623e+11
3.51e-06, 76468387660.6, 1.25047875716e+11, 1.75898869619e+11
3.52e-06, 75782544457.9, 1.23843345602e+11, 1.74138637217e+11
3.53e-06, 75104183023.4, 1.22653114377e+11, 1.72400218728e+11
3.54e-06, 74433208726.4, 1.21476981617e+11, 1.7068329302e+11
3.55e-06, 73769528270.0, 1.20314750114e+11, 1.68987544419e+11
3.56e-06, 73113049671.1, 1.1916622582e+11, 1.67312662598e+11
3.57e-06, 72463682240.6, 1.18031217788e+11, 1.6565834248e+11
3.58e-06, 71821336563.9, 1.16909538117e+11, 1.64024284133e+11
3.59e-06, 71185924481.8, 1.15801001901e+11, 1.62410192677e+11
3.6e-06, 70557359071.1, 1.14705427172e+11, 1.60815778182e+11
3.61e-06, 69935554626.9, 1.13622634848e+11, 1.5924075558e+11
3.62e-06, 69320426643.2, 1.12552448683e+11, 1.5768484457e+11
3.63e-06, 68711891795.6, 1.11494695218e+11, 1.56147769525e+11
3.64e-06, 68109867923.3, 1.10449203727e+11, 1.54629259413e+11
3.65e-06, 67514274011.5, 1.09415806175e+11, 1.53129047699e+11
3.66e-06, 66925030174.0, 1.08394337166e+11, 1.5164687227e+11
3.67e-06, 66342057637.0, 1.07384633898e+11, 1.50182475346e+11
3.68e-06, 65765278721.3, 1.06386536117e+11, 1.48735603405e+11
3.69e-06, 65194616826.8, 1.05399886073e+11, 1.47306007096e+11
3.7e-06, 64629996415.6, 1.04424528478e+11, 1.45893441169e+11
3.71e-06, 64071342996.7, 1.03460310457e+11, 1.44497664393e+11
3.72e-06, 63518583109.6, 1.02507081514e+11, 1.43118439484e+11
3.73e-06, 62971644309.6, 1.01564693483e+11, 1.41755533034e+11
3.74e-06, 62430455151.9, 1.00633000493e+11, 1.40408715434e+11
3.75e-06, 61894945177.1, 99711858924.7, 1.39077760811e+11
3.76e-06, 61365044896.2, 98801127374.5, 1.37762446952e+11
3.77e-06, 60840685776.2, 97900666613.2, 1.36462555244e+11
3.78e-06, 60321800225.8, 97010339550.6, 1.35177870603e+11
3.79e-06, 59808321581.3, 96130011197.6, 1.3390818141e+11
3.8e-06, 59300184092.8, 95259548630.4, 1.32653279451e+11
3.81e-06, 58797322910.5, 94398820955.2, 1.31412959853e+11
3.82e-06, 58299674071.3, 93547699272.9, 1.30187021023e+11
3.83e-06, 57807174485.8, 92706056645.6, 1.28975264588e+11
3.84e-06, 57319761924.9, 91873768062.6, 1.27777495341e+11
3.85e-06, 56837375007.2, 91050710408.0, 1.26593521177e+11
3.86e-06, 56359953186.7, 90236762427.9, 1.25423153044e+11
3.87e-06, 55887436739.7, 89431804699.3, 1.24266204883e+11
3.88e-06, 55419766753.4, 88635719598.7, 1.23122493579e+11
3.89e-06, 54956885113.2, 87848391271.8, 1.21991838902e+11
3.9e-06, 54498734491.3, 87069705603.6, 1.20874063463e+11
3.91e-06, 54045258334.9, 86299550189.0, 1.19768992658e+11
3.92e-06, 53596400854.7, 85537814303.9, 1.18676454621e+11
3.93e-06, 53152107013.7, 84784388877.3, 1.17596280172e+11
3.94e-06, 52712322516.0, 84039166463.2, 1.16528302776e+11
3.95e-06, 52276993795.9, 83302041213.5, 1.15472358489e+11
3.96e-06, 51846068007.3, 82572908851.4, 1.14428285918e+11
3.97e-06, 51419493012.9, 81851666644.9, 1.13395926171e+11
3.98e-06, 50997217373.6, 81138213381.4, 1.12375122819e+11
3.99e-06, 50579190338.9, 80432449342.1, 1.11365721847e+11
4e-06, 50165361835.9, 79734276277.6, 1.10367571616e+11
4.01e-06, 49755682460.2, 79043597382.9, 1.09380522818e+11
4.02e-06, 49350103465.4, 78360317274.4, 1.0840442844e+11
4.03e-06, 48948576753.9, 77684341965.5, 1.07439143719e+11
4.04e-06, 48551054867.3, 77015578844.1, 1.06484526107e+11
4.05e-06, 48157490977.1, 76353936650.1, 1.05540435229e+11
4.06e-06, 47767838875.2, 75699325452.8, 1.04606732851e+11
4.07e-06, 47382052965.4, 75051656629.0, 1.03683282835e+11
4.08e-06, 47000088253.9, 74410842842.4, 1.0276995111e+11
4.09e-06, 46621900340.9, 73776798021.4, 1.01866605635e+11
4.1e-06, 46247445411.9, 73149437339.7, 1.00973116361e+11
4.11e-06, 45876680229.1, 72528677194.9, 1.000893552e+11
4.12e-06, 45509562123.2, 71914435189.4, 99215195989.8
4.13e-06, 45146048984.8, 71306630110.4, 98350514463.0
4.14e-06, 44786099256.8, 70705181911.0, 97495188213.2
4.15e-06, 44429671926.1, 70110011691.0, 96649096663.8
4.16e-06, 44076726515.5, 69521041679.0, 95812121037.5
4.17e-06, 43727223076.7, 68938195213.2, 94984144325.3
4.18e-06, 43381122181.8, 68361396724.8, 94165051256.8
4.19e-06, 43038384916.5, 67790571719.3, 93354728271.1
4.2e-06, 42698972872.2, 67225646760.0, 92553063488.1
4.21e-06, 42362848139.2, 66666549450.9, 91759946679.8
4.22e-06, 42029973299.1, 66113208419.9, 90975269243.3
4.23e-06, 41700311418.1, 65565553302.6, 90198924173.3
4.24e-06, 41373826039.7, 65023514726.4, 89430806035.5
4.25e-06, 41050481178.4, 64487024294.4, 88670810940.4
4.26e-06, 40730241312.4, 63956014570.2, 87918836517.9
4.27e-06, 40413071377.1, 63430419062.7, 87174781891.6
4.28e-06, 40098936759.1, 62910172211.0, 86438547654.7
4.29e-06, 39787803289.0, 62395209369.7, 85710035845.3
4.3e-06, 39479637235.7, 61885466794.6, 84989149922.6
4.31e-06, 39174405299.7, 61380881628.5, 84275794743.8
4.32e-06, 38872074607.5, 60881391887.2, 83569876541.1
4.33e-06, 38572612705.0, 60386936446.1, 82871302898.6
4.34e-06, 38275987552.0, 59897455026.2, 82179982731.2
4.35e-06, 37982167515.9, 59412888181.4, 81495826261.9
4.36e-06, 37691121366.5, 58933177285.4, 80818745001.0
4.37e-06, 37402818269.8, 58458264518.7, 80148651725.2
4.38e-06, 37117227782.9, 57988092856.4, 79485460456.7
4.39e-06, 36834319847.9, 57522606055.5, 78829086443.5
4.4e-06, 36554064787.2, 57061748643.4, 78179446139.1
4.41e-06, 36276433297.4, 56605465905.1, 77536457183.3
4.42e-06, 36001396444.6, 56153703872.4, 76900038383.1
4.43e-06, 35728925659.1, 55706409311.8, 76270109693.9
4.44e-06, 35458992730.3, 55263529713.4, 75646592201.1
4.45e-06, 35191569801.4, 54825013280.1, 75029408101.8
4.46e-06, 34926629364.8, 54390808915.8, 74418480687.4
4.47e-06, 34664144257.3, 53960866215.9, 73813734325.8
4.48e-06, 34404087655.0, 53535135455.6, 73215094444.3
4.49e-06, 34146433068.5, 53113567580.2, 72622487513.2
4.5e-06, 33891154338.8, 52696114194.8, 72035841028.5
4.51e-06, 33638225632.2, 52282727554.0, 71455083496.4
4.52e-06, 33387621436.0, 51873360552.5, 70880144416.7
4.53e-06, 33139316554.1, 51467966714.9, 70310954267.6
4.54e-06, 32893286102.4, 51066500186.7, 69747444490.0
4.55e-06, 32649505504.7, 50668915724.4, 69189547472.7
4.56e-06, 32407950488.6, 50275168686.6, 68637196537.1
4.57e-06, 32168597080.7, 49885215025.1, 68090325922.8
4.58e-06, 31931421603.3, 49499011275.6, 67548870773.4
4.59e-06, 31696400669.8, 49116514549.2, 67012767122.1
4.6e-06, 31463511180.6, 48737682523.7, 66481951878.2
4.61e-06, 31232730319.9, 48362473435.2, 65956362813.0
4.62e-06, 31004035550.9, 47990846069.8, 65435938546.9
4.63e-06, 30777404612.6, 47622759755.2, 64920618536.0
4.64e-06, 30552815515.8, 47258174352.9, 64410343059.4
4.65e-06, 30330246539.6, 46897050250.1, 63905053206.0
4.66e-06, 30109676227.3, 46539348352.1, 63404690862.8
4.67e-06, 29891083383.3, 46185030074.5, 62909198701.7
4.68e-06, 29674447069.3, 45834057335.7, 62418520168.4
4.69e-06, 29459746600.9, 45486392549.4, 61932599469.9
4.7e-06, 29246961544.2, 45141998617.4, 61451381563.1
4.71e-06, 29036071712.0, 44800838922.5, 60974812143.3
4.72e-06, 28827057161.1, 44462877321.4, 60502837633.0
4.73e-06, 28619898188.8, 44128078137.7, 60035405170.9
4.74e-06, 28414575329.2, 43796406155.1, 59572462600.7
4.75e-06, 28211069350.7, 43467826610.6, 59113958460.9
4.76e-06, 28009361252.3, 43142305188.1, 58659841973.9
4.77e-06, 27809432261.0, 42819808011.9, 58210063036.0
4.78e-06, 27611263828.2, 42500301640.0, 57764572207.0
4.79e-06, 27414837627.1, 42183753058.0, 57323320700.2
4.8e-06, 27220135549.6, 41870129673.2, 56886260372.8
4.81e-06, 27027139703.5, 41559399308.0, 56453343716.1
4.82e-06, 26835832409.3, 41251530194.1, 56024523846.1
4.83e-06, 26646196197.7, 40946490966.9, 55599754494.0
4.84e-06, 26458213806.6, 40644250659.2, 55178989997.2
4.85e-06, 26271868178.5, 40344778695.8, 54762185290.3
4.86e-06, 26087142457.7, 40048044888.0, 54349295896.1
4.87e-06, 25904019987.5, 39754019427.7, 53940277916.8
4.88e-06, 25722484308.0, 39462672882.3, 53535088025.9
4.89e-06, 25542519152.8, 39173976189.1, 53133683459.1
4.9e-06, 25364108447.3, 38887900650.1, 52736022006.4
4.91e-06, 25187236305.3, 38604417927.2, 52342062003.8
4.92e-06, 25011887027.1, 38323500036.4, 51951762325.7
4.93e-06, 24838045097.1, 38045119343.2, 51565082376.1
4.94e-06, 24665695180.8, 37769248557.7, 51181982081.7
4.95e-06, 24494822122.9, 37495860729.6, 50802421884.0
4.96e-06, 24325410945.2, 37224929243.5, 50426362731.5
4.97e-06, 24157446843.4, 36956427814.0, 50053766072.6
4.98e-06, 23990915185.6, 36690330481.3, 49684593848.5
4.99e-06, 23825801510.0, 36426611606.4, 49318808485.4
5e-06, 23662091522.2, 36165245867.1, 48956372888.3
5.01e-06, 23499771093.4, 35906208252.7, 48597250433.4
5.02e-06, 23338826258.2, 35649474060.5, 48241404961.7
5.03e-06, 23179243212.5, 35395018891.2, 47888800771.9
5.04e-06, 23021008311.3, 35142818644.3, 47539402614.4
5.05e-06, 22864108066.7, 34892849514.7, 47193175684.2
5.06e-06, 22708529145.8, 34645087987.9, 46850085615.0
5.07e-06, 22554258368.8, 34399510836.5, 46510098472.6
5.08e-06, 22401282707.1, 34156095115.9, 46173180748.9
5.09e-06, 22249589281.2, 33914818160.5, 45839299355.6
5.1e-06, 22099165358.7, 33675657579.9, 45508421618.6
5.11e-06, 21949998352.6, 33438591254.9, 45180515271.7
5.12e-06, 21802075819.5, 33203597334.3, 44855548451.2
5.13e-06, 21655385457.6, 32970654230.5, 44533489689.7
5.14e-06, 21509915104.8, 32739740616.5, 44214307911.2
5.15e-06, 21365652737.0, 32510835422.0, 43897972424.7
5.16e-06, 21222586466.7, 32283917830.0, 43584452919.5
5.17e-06, 21080704540.7, 32058967273.4, 43273719459.7
5.18e-06, 20939995338.6, 31835963431.6, 42965742478.4
5.19e-06, 20800447371.3, 31614886226.9, 42660492773.3
5.2e-06, 20662049279.0, 31395715821.6, 42357941501.0
5.21e-06, 20524789829.9, 31178432614.4, 42058060172.4
5.22e-06, 20388657918.5, 30963017237.4, 41760820647.5
5.23e-06, 20253642563.6, 30749450553.0, 41466195130.5
5.24e-06, 20119732907.4, 30537713650.6, 41174156165.2
5.25e-06, 19986918213.4, 30327787843.8, 40884676630.2
5.26e-06, 19855187865.2, 30119654666.9, 40597729734.2
5.27e-06, 19724531364.7, 29913295872.7, 40313289011.6
5.28e-06, 19594938330.9, 29708693428.8, 40031328317.7
5.29e-06, 19466398498.5, 29505829515.3, 39751821824.6
5.3e-06, 19338901715.8, 29304686521.7, 39474744016.8
5.31e-06, 19212437944.1, 29105247044.1, 39200069686.5
5.32e-06, 19086997256.0, 28907493882.4, 38927773929.8
5.33e-06, 18962569833.6, 28711410038.0, 38657832142.6
5.34e-06, 18839145967.8, 28516978710.5, 38390220016.2
5.35e-06, 18716716056.4, 28324183295.5, 38124913533.2
5.36e-06, 18595270603.2, 28133007382.0, 37861888963.9
5.37e-06, 18474800216.3, 27943434749.7, 37601122862.1
5.38e-06, 18355295607.2, 27755449366.4, 37342592061.5
5.39e-06, 18236747589.2, 27569035385.8, 37086273671.4
5.4e-06, 18119147076.2, 27384177145.0, 36832145073.7
5.41e-06, 18002485081.5, 27200859161.7, 36580183918.6
5.42e-06, 17886752716.8, 27019066132.4, 36330368121.2
5.43e-06, 17771941190.6, 26838782929.7, 36082675857.9
5.44e-06, 17658041807.3, 26659994600.2, 35837085563.0
5.45e-06, 17545045965.8, 26482686361.9, 35593575925.2
5.46e-06, 17432945158.5, 26306843602.5, 35352125883.8
5.47e-06, 17321730970.1, 26132451876.7, 35112714626.2
5.48e-06, 17211395076.5, 25959496904.3, 34875321583.5
5.49e-06, 17101929243.8, 25787964567.8, 34639926428.3
5.5e-06, 16993325326.7, 25617840910.8, 34406509070.5
5.51e-06, 16885575268.3, 25449112135.4, 34175049655.1
5.52e-06, 16778671098.0, 25281764600.3, 33945528558.3
5.53e-06, 16672604931.4, 25115784819.0, 33717926384.8
5.54e-06, 16567368968.5, 24951159457.5, 33492223964.8
5.55e-06, 16462955493.1, 24787875332.5, 33268402350.8
5.56e-06, 16359356871.9, 24625919409.5, 33046442814.9
5.57e-06, 16256565552.9, 24465278800.8, 32826326845.7
5.58e-06, 16154574065.1, 24305940763.8, 32608036145.8
5.59e-06, 16053375017.2, 24147892698.8, 32391552628.4
5.6e-06, 15952961096.4, 23991122147.5, 32176858415.0
5.61e-06, 15853325068.0, 23835616791.2, 31963935832.8
5.62e-06, 15754459774.1, 23681364448.7, 31752767411.4
5.63e-06, 15656358132.8, 23528353074.9, 31543335880.8
5.64e-06, 15559013137.2, 23376570758.9, 31335624168.3
5.65e-06, 15462417854.6, 23226005722.5, 31129615396.3
5.66e-06, 15366565425.5, 23076646318.1, 30925292879.5
5.67e-06, 15271449062.9, 22928481027.6, 30722640122.7
5.68e-06, 15177062051.3, 22781498460.3, 30521640817.8
5.69e-06, 15083397745.9, 22635687351.6, 30322278842.1
5.7e-06, 14990449571.6, 22491036561.3, 30124538255.3
5.71e-06, 14898211022.5, 22347535072.0, 29928403297.6
5.72e-06, 14806675661.0, 22205171987.6, 29733858386.9
5.73e-06, 14715837116.5, 22063936531.9, 29540888117.0
5.74e-06, 14625689085.4, 21923818046.9, 29349477255.1
5.75e-06, 14536225329.6, 21784805991.4, 29159610739.5
5.76e-06, 14447439676.4, 21646889939.8, 28971273677.6
5.77e-06, 14359326016.9, 21510059580.1, 28784451343.7
5.78e-06, 14271878306.2, 21374304713.0, 28599129176.6
5.79e-06, 14185090561.8, 21239615250.3, 28415292778.0
5.8e-06, 14098956863.4, 21105981213.7, 28232927910.0
5.81e-06, 14013471351.9, 20973392733.0, 28052020493.4
5.82e-06, 13928628229.1, 20841840045.4, 27872556605.4
5.83e-06, 13844421756.2, 20711313493.4, 27694522477.6
5.84e-06, 13760846254.0, 20581803524.5, 27517904494.5
5.85e-06, 13677896101.6, 20453300688.8, 27342689191.1
5.86e-06, 13595565735.8, 20325795638.7, 27168863251.0
5.87e-06, 13513849650.9, 20199279127.0, 26996413505.1
5.88e-06, 13432742397.4, 20073742006.1, 26825326928.9
5.89e-06, 13352238581.6, 19949175226.5, 26655590641.5
5.9e-06, 13272332865.2, 19825569835.6, 26487191903.3
5.91e-06, 13193019964.3, 19702916976.8, 26320118114.2
5.92e-06, 13114294648.8, 19581207888.1, 26154356812.3
5.93e-06, 13036151742.1, 19460433900.9, 25989895671.8
5.94e-06, 12958586120.2, 19340586439.2, 25826722501.4
5.95e-06, 12881592711.2, 19221657018.0, 25664825242.7
5.96e-06, 12805166494.6, 19103637242.6, 25504191968.4
5.97e-06, 12729302500.8, 18986518807.3, 25344810880.8
5.98e-06, 12653995810.5, 18870293494.5, 25186670310.4
5.99e-06, 12579241554.2, 18754953173.3, 25029758713.6
6e-06, 12505034911.5, 18640489799.0, 24874064672.2
6.01e-06, 12431371110.5, 18526895411.4, 24719576890.9
6.02e-06, 12358245427.5, 18414162134.5, 24566284196.2
6.03e-06, 12285653186.3, 18302282174.8, 24414175535.2
6.04e-06, 12213589757.6, 18191247821.0, 24263239973.5
6.05e-06, 12142050558.3, 18081051442.3, 24113466694.2
6.06e-06, 12071031051.6, 17971685488.0, 23964844996.2
6.07e-06, 12000526745.8, 17863142486.4, 23817364293.1
6.08e-06, 11930533194.2, 17755415043.6, 23671014111.4
6.09e-06, 11861045994.3, 17648495843.1, 23525784089.5
6.1e-06, 11792060787.7, 17542377644.3, 23381663976.1
6.11e-06, 11723573259.1, 17437053282.1, 23238643629.1
6.12e-06, 11655579136.2, 17332515665.5, 23096713013.8
6.13e-06, 11588074189.1, 17228757777.2, 22955862202.3
6.14e-06, 11521054229.8, 17125772672.7, 22816081371.5
6.15e-06, 11454515111.8, 17023553478.9, 22677360802.4
6.16e-06, 11388452729.4, 16922093393.9, 22539690878.6
6.17e-06, 11322863017.7, 16821385685.9, 22403062084.8
6.18e-06, 11257741951.7, 16721423692.3, 22267465006.4
6.19e-06, 11193085545.9, 16622200819.1, 22132890327.2
6.2e-06, 11128889854.3, 16523710539.8, 21999328829.1
6.21e-06, 11065150969.4, 16425946395.0, 21866771390.6
6.22e-06, 11001865022.1, 16328901991.3, 21735208985.6
6.23e-06, 10939028181.1, 16232571000.5, 21604632682.3
6.24e-06, 10876636652.9, 16136947159.3, 21475033642.1
6.25e-06, 10814686680.6, 16042024268.0, 21346403118.6
6.26e-06, 10753174544.3, 15947796190.1, 21218732456.3
6.27e-06, 10692096560.2, 15854256851.3, 21092013089.7
6.28e-06, 10631449080.2, 15761400239.2, 20966236542.1
6.29e-06, 10571228492.0, 15669220402.1, 20841394424.5
6.3e-06, 10511431218.1, 15577711448.7, 20717478434.9
6.31e-06, 10452053715.6, 15486867547.1, 20594480357.0
6.32e-06, 10393092476.2, 15396682924.3, 20472392059.0
6.33e-06, 10334544025.3, 15307151865.5, 20351205493.2
6.34e-06, 10276404921.9, 15218268713.5, 20230912694.5
6.35e-06, 10218671758.2, 15130027867.8, 20111505779.5
6.36e-06, 10161341159.1, 15042423784.1, 19992976945.8
6.37e-06, 10104409782.1, 14955450973.8, 19875318470.8
6.38e-06, 10047874316.7, 14869104003.1, 19758522711.0
6.39e-06, 9991731484.35, 14783377492.6, 19642582100.7
6.4e-06, 9935978037.69, 14698266116.5, 19527489151.5
6.41e-06, 9880610760.53, 14613764602.1, 19413236451.3
6.42e-06, 9825626467.42, 14529867729.3, 19299816663.2
6.43e-06, 9771022003.27, 14446570329.7, 19187222525.0
6.44e-06, 9716794243.12, 14363867286.2, 19075446847.8
6.45e-06, 9662940091.72, 14281753532.7, 18964482515.9
6.46e-06, 9609456483.25, 14200224052.8, 18854322485.0
6.47e-06, 9556340381.02, 14119273880.1, 18744959782.5
6.48e-06, 9503588777.13, 14038898097.0, 18636387505.5
6.49e-06, 9451198692.17, 13959091834.4, 18528598821.2
6.5e-06, 9399167174.91, 13879850271.1, 18421586964.9
6.51e-06, 9347491302.0, 13801168633.3, 18315345240.1
6.52e-06, 9296168177.68, 13723042194.3, 18209867017.6
6.53e-06, 9245194933.47, 13645466273.3, 18105145734.1
6.54e-06, 9194568727.9, 13568436235.8, 18001174892.2
6.55e-06, 9144286746.2, 13491947492.2, 17897948059.3
6.56e-06, 9094346200.03, 13415995498.0, 17795458867.0
6.57e-06, 9044744327.19, 13340575752.8, 17693701010.1
6.58e-06, 8995478391.34, 13265683800.3, 17592668246.2
6.59e-06, 8946545681.75, 13191315227.1, 17492354394.8
6.6e-06, 8897943512.98, 13117465663.1, 17392753336.8
6.61e-06, 8849669224.68, 13044130780.4, 17293859013.5
6.62e-06, 8801720181.26, 12971306292.9, 17195665426.0
6.63e-06, 8754093771.68, 12898987956.2, 17098166635.0
6.64e-06, 8706787409.13, 12827171566.7, 17001356759.4
6.65e-06, 8659798530.84, 12755852961.3, 16905229976.0
6.66e-06, 8613124597.81, 12685028017.3, 16809780519.1
6.67e-06, 8566763094.51, 12614692651.4, 16715002679.3
6.68e-06, 8520711528.72, 12544842819.5, 16620890803.3
6.69e-06, 8474967431.19, 12475474516.6, 16527439293.2
6.7e-06, 8429528355.5, 12406583775.7, 16434642605.7
6.71e-06, 8384391877.72, 12338166668.0, 16342495251.7
6.72e-06, 8339555596.25, 12270219302.2, 16250991795.5
6.73e-06, 8295017131.58, 12202737824.2, 16160126854.6
6.74e-06, 8250774126.0, 12135718416.4, 16069895098.4
6.75e-06, 8206824243.44, 12069157297.8, 15980291248.4
6.76e-06, 8163165169.22, 12003050723.1, 15891310077.2
6.77e-06, 8119794609.82, 11937394982.8, 15802946407.9
6.78e-06, 8076710292.68, 11872186402.5, 15715195113.8
6.79e-06, 8033909965.97, 11807421342.4, 15628051117.6
6.8e-06, 7991391398.35, 11743096197.3, 15541509390.9
6.81e-06, 7949152378.82, 11679207396.0, 15455564954.0
6.82e-06, 7907190716.46, 11615751401.1, 15370212874.8
6.83e-06, 7865504240.25, 11552724708.2, 15285448268.7
6.84e-06, 7824090798.83, 11490123846.2, 15201266297.9
6.85e-06, 7782948260.35, 11427945376.5, 15117662171.1
6.86e-06, 7742074512.22, 11366185892.6, 15034631142.4
6.87e-06, 7701467460.95, 11304842020.1, 14952168511.8
6.88e-06, 7661125031.92, 11243910416.1, 14870269623.7
6.89e-06, 7621045169.23, 11183387769.0, 14788929867.1
6.9e-06, 7581225835.46, 11123270798.0, 14708144674.8
6.91e-06, 7541665011.51, 11063556253.0, 14627909522.8
6.92e-06, 7502360696.43, 11004240914.0, 14548219930.3
6.93e-06, 7463310907.18, 10945321591.1, 14469071458.9
6.94e-06, 7424513678.51, 10886795124.0, 14390459712.1
6.95e-06, 7385967062.74, 10828658381.6, 14312380335.0
6.96e-06, 7347669129.58, 10770908261.8, 14234829013.9
6.97e-06, 7309617965.99, 10713541691.2, 14157801475.5
6.98e-06, 7271811675.96, 10656555624.9, 14081293487.0
6.99e-06, 7234248380.38, 10599947046.0, 14005300855.2
7e-06, 7196926216.83, 10543712965.4, 13929819426.5
7.01e-06, 7159843339.44, 10487850421.5, 13854845085.9
7.02e-06, 7122997918.72, 10432356479.9, 13780373757.2
7.03e-06, 7086388141.37, 10377228233.2, 13706401402.2
7.04e-06, 7050012210.16, 10322462800.5, 13632924020.5
7.05e-06, 7013868343.72, 10268057327.5, 13559937649.0
7.06e-06, 6977954776.42, 10214008985.7, 13487438361.3
7.07e-06, 6942269758.2, 10160314972.8, 13415422267.8
7.08e-06, 6906811554.4, 10106972511.6, 13343885514.8
7.09e-06, 6871578445.64, 10053978850.6, 13272824284.7
7.1e-06, 6836568727.63, 10001331263.2, 13202234794.8
7.11e-06, 6801780711.04, 9949027047.38, 13132113297.8
7.12e-06, 6767212721.33, 9897063525.9, 13062456080.9
7.13e-06, 6732863098.65, 9845438045.64, 12993259465.4
7.14e-06, 6698730197.64, 9794147977.52, 12924519806.7
7.15e-06, 6664812387.33, 9743190716.22, 12856233493.7
7.16e-06, 6631108050.95, 9692563679.94, 12788396948.6
7.17e-06, 6597615585.84, 9642264310.15, 12721006626.3
7.18e-06, 6564333403.28, 9592290071.38, 12654059014.1
7.19e-06, 6531259928.36, 9542638450.93, 12587550631.8
7.2e-06, 6498393599.83, 9493306958.69, 12521478030.8
7.21e-06, 6465732870.01, 9444293126.89, 12455837794.1
7.22e-06, 6433276204.59, 9395594509.85, 12390626535.7
7.23e-06, 6401022082.55, 9347208683.79, 12325840900.7
7.24e-06, 6368968996.01, 9299133246.58, 12261477564.6
7.25e-06, 6337115450.12, 9251365817.56, 12197533232.9
7.26e-06, 6305459962.9, 9203904037.24, 12134004641.5
7.27e-06, 6274001065.12, 9156745567.19, 12070888555.4
7.28e-06, 6242737300.21, 9109888089.75, 12008181769.2
7.29e-06, 6211667224.1, 9063329307.84, 11945881106.2
7.3e-06, 6180789405.11, 9017066944.76, 11883983418.7
7.31e-06, 6150102423.84, 8971098743.99, 11822485587.2
7.32e-06, 6119604873.03, 8925422468.97, 11761384520.2
7.33e-06, 6089295357.46, 8880035902.9, 11700677154.3
7.34e-06, 6059172493.8, 8834936848.55, 11640360453.4
7.35e-06, 6029234910.57, 8790123128.07, 11580431408.7
7.36e-06, 5999481247.93, 8745592582.78, 11520887038.3
7.37e-06, 5969910157.63, 8701343072.97, 11461724387.1
7.38e-06, 5940520302.89, 8657372477.75, 11402940526.4
7.39e-06, 5911310358.27, 8613678694.8, 11344532553.4
7.4e-06, 5882279009.56, 8570259640.26, 11286497591.7
7.41e-06, 5853424953.7, 8527113248.48, 11228832789.9
7.42e-06, 5824746898.66, 8484237471.86, 11171535322.4
7.43e-06, 5796243563.31, 8441630280.7, 11114602388.6
7.44e-06, 5767913677.34, 8399289662.98, 11058031212.5
7.45e-06, 5739755981.17, 8357213624.2, 11001819043.1
7.46e-06, 5711769225.81, 8315400187.21, 10945963153.5
7.47e-06, 5683952172.78, 8273847392.04, 10890460840.9
7.48e-06, 5656303594.0, 8232553295.72, 10835309426.3
7.49e-06, 5628822271.72, 8191515972.12, 10780506254.6
7.5e-06, 5601506998.38, 8150733511.78, 10726048693.8
7.51e-06, 5574356576.53, 8110204021.76, 10671934135.1
7.52e-06, 5547369818.76, 8069925625.45, 10618159992.7
7.53e-06, 5520545547.55, 8029896462.43, 10564723703.4
7.54e-06, 5493882595.23, 7990114688.3, 10511622726.5
7.55e-06, 5467379803.85, 7950578474.53, 10458854543.6
7.56e-06, 5441036025.1, 7911286008.31, 10406416658.1
7.57e-06, 5414850120.23, 7872235492.39, 10354306595.5
7.58e-06, 5388820959.94, 7833425144.91, 10302521902.5
7.59e-06, 5362947424.32, 7794853199.28, 10251060147.6
7.6e-06, 5337228402.72, 7756517904.02, 10199918920.0
7.61e-06, 5311662793.7, 7718417522.6, 10149095830.1
7.62e-06, 5286249504.91, 7680550333.31, 10098588509.1
7.63e-06, 5260987453.04, 7642914629.12, 10048394608.4
7.64e-06, 5235875563.72, 7605508717.51, 9998511800.14
7.65e-06, 5210912771.42, 7568330920.37, 9948937776.28
7.66e-06, 5186098019.39, 7531379573.81, 9899670248.8
7.67e-06, 5161430259.57, 7494653028.09, 9850706949.43
7.68e-06, 5136908452.51, 7458149647.41, 9802045629.4
7.69e-06, 5112531567.28, 7421867809.82, 9753684059.31
7.7e-06, 5088298581.41, 7385805907.08, 9705620028.9
7.71e-06, 5064208480.79, 7349962344.54, 9657851346.87
7.72e-06, 5040260259.6, 7314335540.95, 9610375840.72
7.73e-06, 5016452920.26, 7278923928.42, 9563191356.53
7.74e-06, 4992785473.29, 7243725952.23, 9516295758.8
7.75e-06, 4969256937.3, 7208740070.71, 9469686930.27
7.76e-06, 4945866338.89, 7173964755.15, 9423362771.74
7.77e-06, 4922612712.56, 7139398489.63, 9377321201.89
7.78e-06, 4899495100.65, 7105039770.93, 9331560157.1
7.79e-06, 4876512553.29, 7070887108.4, 9286077591.3
7.8e-06, 4853664128.3, 7036939023.84, 9240871475.79
7.81e-06, 4830948891.1, 7003194051.38, 9195939799.06
7.82e-06, 4808365914.72, 6969650737.35, 9151280566.63
7.83e-06, 4785914279.62, 6936307640.2, 9106891800.91
7.84e-06, 4763593073.72, 6903163330.36, 9062771540.99
7.85e-06, 4741401392.26, 6870216390.11, 9018917842.52
7.86e-06, 4719338337.8, 6837465413.51, 8975328777.54
7.87e-06, 4697403020.09, 6804909006.25, 8932002434.31
7.88e-06, 4675594556.02, 6772545785.57, 8888936917.16
7.89e-06, 4653912069.6, 6740374380.13, 8846130346.36
7.9e-06, 4632354691.83, 6708393429.91, 8803580857.91
7.91e-06, 4610921560.68, 6676601586.1, 8761286603.47
7.92e-06, 4589611821.02, 6644997511.02, 8719245750.14
7.93e-06, 4568424624.54, 6613579877.97, 8677456480.33
7.94e-06, 4547359129.71, 6582347371.16, 8635916991.64
7.95e-06, 4526414501.68, 6551298685.6, 8594625496.71
7.96e-06, 4505589912.28, 6520432527.0, 8553580223.04
7.97e-06, 4484884539.92, 6489747611.65, 8512779412.89
7.98e-06, 4464297569.51, 6459242666.38, 8472221323.13
7.99e-06, 4443828192.47, 6428916428.38, 8431904225.06
8e-06, 4423475606.59, 6398767645.16, 8391826404.37
8.01e-06, 4403239016.04, 6368795074.45, 8351986160.89
8.02e-06, 4383117631.27, 6338997484.08, 8312381808.54
8.03e-06, 4363110668.98, 6309373651.9, 8273011675.16
8.04e-06, 4343217352.04, 6279922365.7, 8233874102.38
